2018,Full Driving Licences ,%,Learner Permit Driving Licences,%
Male,1422852,53.34772084,119686,49.85587177
Female,1244276,46.65227916,120378,50.14412823
Total,2667128,100,240064,100
